NRC,Date,Time,Weight,Height,Temperature,Systolic,Diastolic,Pulse Rate,Respiratory Rate,Oxygen Saturation
111111/11/1,2023-12-01 00:00:00,07:43:20,93.8,196.2,37,95,88,94,18,100
111111/11/1,2023-12-02 00:00:00,11:10:22,63.8,190.6,36,103,88,97,18,99
111111/11/1,2023-12-03 00:00:00,08:38:37,72.5,183,37,134,89,82,13,97
111111/11/1,2023-12-04 00:00:00,17:56:38,55.8,179.4,36,111,87,72,15,95
111111/11/1,2023-12-05 00:00:00,03:46:55,55.9,161,37,140,65,81,18,95
111111/11/1,2023-12-06 00:00:00,21:12:58,89.2,192.8,36,104,61,96,20,99
111111/11/1,2023-12-07 00:00:00,14:12:45,51.3,181.7,37,128,86,96,13,98
111111/11/1,2023-12-08 00:00:00,10:38:32,68.5,199,36,92,79,61,15,96
111111/11/1,2023-12-09 00:00:00,00:20:53,74,186.4,37,93,89,61,20,98
111111/11/1,2023-12-10 00:00:00,22:15:22,91.8,153.5,36,94,80,79,17,98
111111/11/1,2023-12-11 00:00:00,18:05:08,53.1,173.4,37,128,63,85,15,97
111111/11/1,2023-12-12 00:00:00,09:44:49,95.2,173.5,36,126,65,73,12,100
111111/11/1,2023-12-13 00:00:00,16:19:35,92.3,167.1,37,106,63,98,19,100
111111/11/1,2023-12-14 00:00:00,11:40:46,50.7,184.1,36,126,87,92,16,100
111111/11/1,2023-12-15 00:00:00,08:06:42,69.4,182.9,37,99,77,60,19,100
111111/11/1,2023-12-16 00:00:00,20:07:39,66.8,152.3,36,107,64,75,19,97
111111/11/1,2023-12-17 00:00:00,14:51:34,64.4,168,37,130,87,99,14,100
111111/11/1,2023-12-18 00:00:00,01:31:22,69.4,170.7,36,131,62,60,15,100
111111/11/1,2023-12-19 00:00:00,05:36:22,58,161.2,37,118,72,96,18,95
111111/11/1,2023-12-20 00:00:00,12:40:30,93.6,178.4,36,139,81,62,14,98
111111/11/1,2023-12-21 00:00:00,02:25:58,63,157.9,37,123,88,91,20,99
111111/11/1,2023-12-22 00:00:00,00:04:50,94.2,174.7,36,109,86,89,12,98
111111/11/1,2023-12-23 00:00:00,03:02:14,77.4,198.2,37,95,86,68,12,98
111111/11/1,2023-12-24 00:00:00,06:24:19,65.8,160.7,36,135,84,60,20,99
111111/11/1,2023-12-25 00:00:00,17:55:37,59.5,180.4,37,102,87,79,16,100
111111/11/1,2023-12-26 00:00:00,20:18:10,55,192.7,36,115,80,65,12,97
111111/11/1,2023-12-27 00:00:00,23:45:28,90,155.8,37,106,64,93,17,95
111111/11/1,2023-12-28 00:00:00,11:56:08,63.9,150.9,36,92,66,76,20,97
111111/11/1,2023-12-29 00:00:00,19:27:44,96.9,195.5,37,92,87,98,19,100
111111/11/1,2023-12-30 00:00:00,06:22:57,82,168.6,36,124,65,73,18,99
111111/11/1,2023-12-31 00:00:00,03:04:51,50.4,157.6,37,111,70,83,13,97
222222/22/2,2023-12-01 00:00:00,17:33:11,52.1,158.2,36,127,69,83,18,99
222222/22/2,2023-12-02 00:00:00,07:02:33,64.7,173.9,37,105,89,63,16,96
222222/22/2,2023-12-03 00:00:00,09:23:51,86.4,165.1,36,111,69,86,13,95
222222/22/2,2023-12-04 00:00:00,05:24:51,95.4,173.7,37,111,63,90,13,100
222222/22/2,2023-12-05 00:00:00,03:54:09,71.3,165.1,36,137,81,69,14,100
222222/22/2,2023-12-06 00:00:00,09:40:31,68.8,198.7,37,130,62,64,13,96
222222/22/2,2023-12-07 00:00:00,17:33:07,53.1,150.4,36,115,77,93,16,98
222222/22/2,2023-12-08 00:00:00,17:16:55,89.4,185.7,37,103,73,65,17,96
222222/22/2,2023-12-09 00:00:00,15:59:23,79.3,158.3,36,102,71,67,13,100
222222/22/2,2023-12-10 00:00:00,08:10:42,95.2,172.6,37,133,66,67,19,98
222222/22/2,2023-12-11 00:00:00,10:49:13,60.4,152.1,36,103,79,69,13,96
222222/22/2,2023-12-12 00:00:00,06:05:02,68.9,177.3,37,99,63,98,19,96
222222/22/2,2023-12-13 00:00:00,08:59:45,70.3,184,36,123,75,80,19,98
222222/22/2,2023-12-14 00:00:00,19:20:12,77.1,196.6,37,90,70,80,17,95
222222/22/2,2023-12-15 00:00:00,11:47:40,57.4,162.8,36,140,64,84,16,100
222222/22/2,2023-12-16 00:00:00,20:05:32,53.3,154.2,37,92,62,74,14,95
222222/22/2,2023-12-17 00:00:00,14:02:51,50.8,192.2,36,111,87,70,14,100
222222/22/2,2023-12-18 00:00:00,08:47:43,98.4,175.2,37,123,76,62,13,100
222222/22/2,2023-12-19 00:00:00,03:30:42,87.9,199.5,36,137,73,73,16,99
222222/22/2,2023-12-20 00:00:00,01:26:10,70.9,198.6,37,140,72,98,15,95
222222/22/2,2023-12-21 00:00:00,00:16:49,87,165.1,36,126,68,81,13,98
222222/22/2,2023-12-22 00:00:00,17:15:39,97.1,165.1,37,116,72,84,12,96
222222/22/2,2023-12-23 00:00:00,04:20:22,61.9,186.5,36,111,61,62,19,98
222222/22/2,2023-12-24 00:00:00,20:09:57,74.6,193.2,37,135,62,69,17,98
222222/22/2,2023-12-25 00:00:00,16:59:14,80.6,169.3,36,93,63,90,14,95
222222/22/2,2023-12-26 00:00:00,13:49:30,79.9,156.6,37,110,63,95,17,96
222222/22/2,2023-12-27 00:00:00,14:42:35,89.2,188.9,36,97,88,63,19,99
222222/22/2,2023-12-28 00:00:00,09:38:30,82.5,198.5,37,135,79,78,14,98
222222/22/2,2023-12-29 00:00:00,06:18:21,95.8,193.6,36,133,85,67,20,96
222222/22/2,2023-12-30 00:00:00,20:29:17,89.1,172.2,37,138,66,89,17,100
222222/22/2,2023-12-31 00:00:00,15:46:37,97.8,195.1,36,92,75,76,12,99
333333/33/3,2023-12-01 00:00:00,15:13:55,78.6,160.8,37,95,84,100,20,100
333333/33/3,2023-12-02 00:00:00,10:10:05,71,165.3,36,97,64,87,18,95
333333/33/3,2023-12-03 00:00:00,02:03:34,70.8,155,37,139,64,61,19,98
333333/33/3,2023-12-04 00:00:00,05:51:46,51.5,196,36,110,83,76,13,97
333333/33/3,2023-12-05 00:00:00,09:56:23,56.1,184.6,37,112,71,71,12,96
333333/33/3,2023-12-06 00:00:00,18:11:26,53.5,194.7,36,103,60,73,13,100
333333/33/3,2023-12-07 00:00:00,08:22:14,64.7,184.5,37,128,67,69,14,98
333333/33/3,2023-12-08 00:00:00,10:56:42,73.8,185.4,36,106,64,61,15,97
333333/33/3,2023-12-09 00:00:00,06:19:07,73.7,164.6,37,125,80,80,14,99
333333/33/3,2023-12-10 00:00:00,22:08:57,55.1,179,36,100,72,69,14,96
333333/33/3,2023-12-11 00:00:00,08:02:24,75.4,161.8,37,101,69,83,18,100
333333/33/3,2023-12-12 00:00:00,05:53:30,93,180.1,36,115,62,64,14,98
333333/33/3,2023-12-13 00:00:00,12:48:38,77.5,187,37,99,78,87,16,100
333333/33/3,2023-12-14 00:00:00,05:05:49,54.2,172.2,36,113,80,93,12,98
333333/33/3,2023-12-15 00:00:00,20:05:02,50.4,198.1,37,110,74,73,17,97
333333/33/3,2023-12-16 00:00:00,20:37:25,54.6,159.3,36,96,68,67,20,99
333333/33/3,2023-12-17 00:00:00,11:16:54,89.8,172.3,37,115,65,86,18,96
333333/33/3,2023-12-18 00:00:00,00:53:29,98,167,36,123,64,82,19,100
333333/33/3,2023-12-19 00:00:00,04:46:44,74.2,160.2,37,90,86,88,19,95
333333/33/3,2023-12-20 00:00:00,14:50:37,64.9,188.4,36,130,69,94,14,98
333333/33/3,2023-12-21 00:00:00,21:15:41,54.6,174.9,37,104,77,85,16,100
333333/33/3,2023-12-22 00:00:00,01:11:18,56,194.2,36,92,60,76,18,99
333333/33/3,2023-12-23 00:00:00,05:37:55,85.5,172.2,37,137,68,82,16,100
333333/33/3,2023-12-24 00:00:00,12:23:33,79.8,151.8,36,140,68,79,20,97
333333/33/3,2023-12-25 00:00:00,17:41:43,76.5,162.5,37,138,65,64,18,97
333333/33/3,2023-12-26 00:00:00,17:25:30,76,178.7,36,130,66,94,13,98
333333/33/3,2023-12-27 00:00:00,09:18:31,70.2,188.9,37,140,68,78,19,97
333333/33/3,2023-12-28 00:00:00,14:02:21,81.4,157.9,36,134,63,84,18,99
333333/33/3,2023-12-29 00:00:00,17:11:34,57,183.4,37,112,80,90,18,96
333333/33/3,2023-12-30 00:00:00,03:24:48,74.4,175.1,36,121,80,63,19,97
333333/33/3,2023-12-31 00:00:00,22:23:14,87.3,152.6,37,129,66,61,17,98
444444/44/4,2023-12-01 00:00:00,23:30:30,94.4,150.5,36,123,62,65,18,95
444444/44/4,2023-12-02 00:00:00,12:55:11,52.1,181,37,107,87,100,16,100
444444/44/4,2023-12-03 00:00:00,00:06:34,57,178.6,36,102,63,87,19,100
444444/44/4,2023-12-04 00:00:00,00:42:21,69.2,166.5,37,131,88,87,14,98
444444/44/4,2023-12-05 00:00:00,03:51:02,76.2,156.5,36,101,74,82,18,98
444444/44/4,2023-12-06 00:00:00,21:10:23,69.5,161,37,102,74,73,12,98
444444/44/4,2023-12-07 00:00:00,14:46:23,61.7,154.2,36,101,71,63,14,96
444444/44/4,2023-12-08 00:00:00,15:36:36,64.9,154.3,37,122,84,78,17,98
444444/44/4,2023-12-09 00:00:00,05:57:05,52.7,184.8,36,132,90,95,18,99
444444/44/4,2023-12-10 00:00:00,01:39:00,74.5,185.2,37,103,70,77,12,95
444444/44/4,2023-12-11 00:00:00,13:13:44,58.1,150.2,36,131,60,68,13,98
444444/44/4,2023-12-12 00:00:00,18:50:33,98.5,169.8,37,104,74,72,17,99
444444/44/4,2023-12-13 00:00:00,23:14:00,80.3,154.3,36,110,70,94,19,97
444444/44/4,2023-12-14 00:00:00,09:40:44,51.4,152.2,37,113,62,73,20,97
444444/44/4,2023-12-15 00:00:00,02:47:07,91.9,162.6,36,136,83,79,16,99
444444/44/4,2023-12-16 00:00:00,16:10:30,62.7,167.2,37,135,67,62,16,99
444444/44/4,2023-12-17 00:00:00,12:16:46,50.5,174.8,36,118,61,86,19,98
444444/44/4,2023-12-18 00:00:00,08:45:49,55.9,154.1,37,96,86,69,18,96
444444/44/4,2023-12-19 00:00:00,09:22:57,80.6,190.9,36,125,84,85,12,96
444444/44/4,2023-12-20 00:00:00,02:57:15,74.5,156.4,37,107,89,82,17,98
444444/44/4,2023-12-21 00:00:00,04:59:47,77.9,164.3,36,124,85,72,16,98
444444/44/4,2023-12-22 00:00:00,22:53:41,80.2,176.8,37,106,68,74,12,95
444444/44/4,2023-12-23 00:00:00,20:22:38,89.2,154.9,36,136,73,75,15,97
444444/44/4,2023-12-24 00:00:00,07:30:08,87.1,175.8,37,93,63,84,16,95
444444/44/4,2023-12-25 00:00:00,09:53:04,67.9,183.7,36,135,77,78,15,100
444444/44/4,2023-12-26 00:00:00,15:46:43,53.2,165.4,37,110,67,83,19,97
444444/44/4,2023-12-27 00:00:00,06:08:58,58.6,190.5,36,125,76,80,17,99
444444/44/4,2023-12-28 00:00:00,05:27:38,90.6,193.8,37,99,65,92,13,96
444444/44/4,2023-12-29 00:00:00,00:35:41,89.1,188.7,36,126,84,73,15,100
444444/44/4,2023-12-30 00:00:00,09:56:27,90.8,188,37,112,79,97,14,100
444444/44/4,2023-12-31 00:00:00,04:45:17,95,155.4,36,91,76,98,17,98
555555/55/5,2023-12-01 00:00:00,02:48:57,65.4,197.9,37,125,80,70,19,100
555555/55/5,2023-12-02 00:00:00,08:18:24,77.3,185.2,36,95,68,68,18,100
555555/55/5,2023-12-03 00:00:00,06:36:31,91.1,189.3,37,114,90,63,15,95
555555/55/5,2023-12-04 00:00:00,07:11:05,86.3,198.1,36,111,87,88,15,97
555555/55/5,2023-12-05 00:00:00,16:59:20,83.6,165.2,37,112,78,94,12,100
555555/55/5,2023-12-06 00:00:00,08:10:46,67.7,174.6,36,93,60,75,12,95
555555/55/5,2023-12-07 00:00:00,23:02:51,97.3,166.3,37,93,71,87,14,96
555555/55/5,2023-12-08 00:00:00,19:05:03,71.8,167.9,36,101,80,81,18,98
555555/55/5,2023-12-09 00:00:00,11:13:24,70.5,163.2,37,124,85,89,12,99
555555/55/5,2023-12-10 00:00:00,22:50:02,70.4,169.5,36,90,76,68,20,100
555555/55/5,2023-12-11 00:00:00,04:37:41,54,161.9,37,101,67,61,14,100
555555/55/5,2023-12-12 00:00:00,06:05:19,58.4,153.9,36,128,63,99,19,100
555555/55/5,2023-12-13 00:00:00,06:50:43,80.7,152,37,111,85,84,12,100
555555/55/5,2023-12-14 00:00:00,18:18:40,74.8,167.9,36,132,64,89,15,99
555555/55/5,2023-12-15 00:00:00,06:32:53,58.1,187.6,37,111,68,91,18,95
555555/55/5,2023-12-16 00:00:00,02:03:59,76.5,164.4,36,120,61,94,20,97
555555/55/5,2023-12-17 00:00:00,20:37:25,72.8,186.1,37,115,71,91,12,95
555555/55/5,2023-12-18 00:00:00,06:07:33,87,151.7,36,133,81,97,16,100
555555/55/5,2023-12-19 00:00:00,01:17:11,88.1,175.8,37,114,86,76,15,95
555555/55/5,2023-12-20 00:00:00,11:28:56,99.1,190.2,36,105,78,94,17,96
555555/55/5,2023-12-21 00:00:00,10:19:22,66.5,187.4,37,90,78,63,14,97
555555/55/5,2023-12-22 00:00:00,15:09:02,64.6,164.7,36,121,85,85,18,96
555555/55/5,2023-12-23 00:00:00,01:10:47,89.4,178.4,37,118,64,81,12,100
555555/55/5,2023-12-24 00:00:00,07:43:16,95.5,183.2,36,132,84,76,15,95
555555/55/5,2023-12-25 00:00:00,15:29:18,96.8,163.9,37,101,76,70,13,100
555555/55/5,2023-12-26 00:00:00,15:23:10,79,197.1,36,130,85,94,18,98
555555/55/5,2023-12-27 00:00:00,21:37:52,65.6,150.7,37,139,86,77,16,99
555555/55/5,2023-12-28 00:00:00,14:18:30,77.7,199.5,36,102,82,87,14,95
555555/55/5,2023-12-29 00:00:00,19:45:21,57.8,183.1,37,140,78,84,17,98
555555/55/5,2023-12-30 00:00:00,18:22:23,78.1,170.6,36,129,85,74,12,97
555555/55/5,2023-12-31 00:00:00,16:26:24,99.1,157.9,37,102,80,82,19,95
666666/66/6,2023-12-01 00:00:00,02:19:57,78.6,162.1,36,101,90,86,13,99
666666/66/6,2023-12-02 00:00:00,18:10:01,61.8,185.7,37,122,88,66,15,96
666666/66/6,2023-12-03 00:00:00,09:12:53,96.2,196.4,36,130,72,77,16,98
666666/66/6,2023-12-04 00:00:00,06:57:36,80.5,154.5,37,91,75,60,16,96
666666/66/6,2023-12-05 00:00:00,07:35:07,69.3,188.8,36,130,81,84,12,99
666666/66/6,2023-12-06 00:00:00,14:07:44,67.7,178.4,37,126,82,77,17,95
666666/66/6,2023-12-07 00:00:00,07:48:41,73.7,176.1,36,92,62,96,17,97
666666/66/6,2023-12-08 00:00:00,05:14:05,53.5,185.9,37,132,77,90,12,97
666666/66/6,2023-12-09 00:00:00,05:34:51,65.7,195.3,36,138,80,77,18,100
666666/66/6,2023-12-10 00:00:00,21:35:44,79.8,170.2,37,109,76,63,14,96
666666/66/6,2023-12-11 00:00:00,12:04:12,95.5,185.3,36,135,84,62,20,95
666666/66/6,2023-12-12 00:00:00,22:33:35,84.6,184.9,37,114,90,71,17,99
666666/66/6,2023-12-13 00:00:00,00:28:04,54,158.7,36,106,66,76,17,100
666666/66/6,2023-12-14 00:00:00,07:47:38,89.1,175.9,37,119,89,69,19,99
666666/66/6,2023-12-15 00:00:00,10:02:49,51.9,179.3,36,131,76,62,17,95
666666/66/6,2023-12-16 00:00:00,08:43:46,82.4,172.8,37,105,85,89,20,96
666666/66/6,2023-12-17 00:00:00,04:44:56,95.6,156.7,36,139,77,63,20,95
666666/66/6,2023-12-18 00:00:00,03:07:48,67.2,190.6,37,95,63,87,17,99
666666/66/6,2023-12-19 00:00:00,22:07:46,66.8,168.9,36,113,86,100,13,96
666666/66/6,2023-12-20 00:00:00,09:12:19,96.3,159.1,37,98,60,81,15,95
666666/66/6,2023-12-21 00:00:00,02:09:15,82.3,184.9,36,140,72,63,14,97
666666/66/6,2023-12-22 00:00:00,18:12:10,70.4,172,37,128,88,99,16,100
666666/66/6,2023-12-23 00:00:00,00:52:35,78.1,190.2,36,116,65,61,19,97
666666/66/6,2023-12-24 00:00:00,05:56:27,97.5,153.2,37,96,63,61,17,95
666666/66/6,2023-12-25 00:00:00,14:19:16,70.2,184.5,36,90,70,89,20,100
666666/66/6,2023-12-26 00:00:00,01:55:06,73.8,192.9,37,124,87,85,16,95
666666/66/6,2023-12-27 00:00:00,01:01:34,54.8,191.3,36,111,71,66,19,95
666666/66/6,2023-12-28 00:00:00,11:44:23,95.5,181.3,37,108,90,62,12,98
666666/66/6,2023-12-29 00:00:00,09:26:18,57.8,177.4,36,99,65,71,14,100
666666/66/6,2023-12-30 00:00:00,18:37:40,97.2,196.7,37,111,90,61,19,100
666666/66/6,2023-12-31 00:00:00,07:49:30,52.2,162,36,108,70,70,15,97
777777/77/7,2023-12-01 00:00:00,23:21:21,58.2,171,37,113,88,96,14,98
777777/77/7,2023-12-02 00:00:00,10:10:39,88.5,158.1,36,127,60,84,14,96
777777/77/7,2023-12-03 00:00:00,22:43:49,51.3,166.2,37,90,61,63,13,99
777777/77/7,2023-12-04 00:00:00,16:25:08,57.4,157.7,36,140,72,61,18,98
777777/77/7,2023-12-05 00:00:00,13:49:08,95.7,166.6,37,105,89,68,17,99
777777/77/7,2023-12-06 00:00:00,12:25:49,76.7,153.7,36,116,78,82,13,98
777777/77/7,2023-12-07 00:00:00,04:01:04,62.3,169.1,37,115,67,90,18,99
777777/77/7,2023-12-08 00:00:00,08:24:41,91.8,199.9,36,123,71,94,12,99
777777/77/7,2023-12-09 00:00:00,16:34:15,89,193.8,37,107,61,99,17,98
777777/77/7,2023-12-10 00:00:00,04:16:05,76.7,192.6,36,99,82,85,12,98
777777/77/7,2023-12-11 00:00:00,02:00:15,71.6,155.2,37,119,79,89,14,96
777777/77/7,2023-12-12 00:00:00,12:42:22,73.7,158,36,108,84,92,13,97
777777/77/7,2023-12-13 00:00:00,18:26:39,57.1,167.9,37,120,80,93,12,96
777777/77/7,2023-12-14 00:00:00,12:09:48,58.8,179.2,36,108,72,100,12,97
777777/77/7,2023-12-15 00:00:00,18:28:06,71.6,184.1,37,107,72,73,17,96
777777/77/7,2023-12-16 00:00:00,09:58:22,55.5,167.8,36,91,73,96,18,98
777777/77/7,2023-12-17 00:00:00,16:44:35,82.1,185.4,37,94,84,87,20,100
777777/77/7,2023-12-18 00:00:00,21:21:35,56.9,157.6,36,100,67,61,20,96
777777/77/7,2023-12-19 00:00:00,22:26:08,67.8,194.1,37,137,69,81,13,98
777777/77/7,2023-12-20 00:00:00,16:58:56,95,167.1,36,122,90,81,20,100
777777/77/7,2023-12-21 00:00:00,00:26:54,95.6,199.2,37,137,77,79,15,98
777777/77/7,2023-12-22 00:00:00,19:43:56,69.5,173.6,36,109,90,86,18,95
777777/77/7,2023-12-23 00:00:00,11:26:23,57.4,179.2,37,130,82,93,13,100
777777/77/7,2023-12-24 00:00:00,22:44:57,79.8,180.2,36,122,63,77,14,98
777777/77/7,2023-12-25 00:00:00,03:28:17,89.7,150.5,37,113,86,90,17,95
777777/77/7,2023-12-26 00:00:00,23:21:01,68.5,184.8,36,132,75,74,14,99
777777/77/7,2023-12-27 00:00:00,18:41:47,91.4,153.9,37,122,89,70,12,100
777777/77/7,2023-12-28 00:00:00,02:21:13,93.9,175.9,36,128,81,73,19,100
777777/77/7,2023-12-29 00:00:00,15:52:45,63.2,179.4,37,114,65,88,12,98
777777/77/7,2023-12-30 00:00:00,05:07:24,82.2,170.3,36,104,76,89,12,98
777777/77/7,2023-12-31 00:00:00,22:36:44,63.4,175.4,37,125,80,85,19,97